{"cameraMode":{"drawMode":0,"name":"Shaded","section":"Shading Mode"},"sceneLighting":true,"audioPlay":false,"sceneViewState":{"m_AlwaysRefresh":false,"showFog":true,"showSkybox":true,"showFlares":true,"showImageEffects":true,"showParticleSystems":true,"showVisualEffectGraphs":true,"m_FxEnabled":true},"in2DMode":false,"pivot":{"x":10.300000190734864,"y":0.9000000357627869,"z":-28.17898178100586},"rotation":{"x":-0.03520522639155388,"y":-0.49352365732192995,"z":-0.019998669624328615,"w":0.8687899112701416},"size":1.6085708141326905,"orthographic":false}